,unemployment,city_state,year
0,5.2,"Albuquerque, NM",2003
12,5.4,"Albuquerque, NM",2004
24,5.1,"Albuquerque, NM",2005
36,4.1,"Albuquerque, NM",2006
48,3.7,"Albuquerque, NM",2007
60,3.9,"Albuquerque, NM",2008
72,6.6,"Albuquerque, NM",2009
84,7.7,"Albuquerque, NM",2010
96,7.6,"Albuquerque, NM",2011
108,7.5,"Albuquerque, NM",2012
120,6.9,"Albuquerque, NM",2013
132,6.7,"Albuquerque, NM",2014
144,6.2,"Albuquerque, NM",2015
156,6.0,"Albuquerque, NM",2016
168,5.8,"Albuquerque, NM",2017
180,4.9,"Albuquerque, NM",2018
192,4.8,"Albuquerque, NM",2019
204,4.5,"Albuquerque, NM",2020
205,6.6,"Anchorage, AK",2003
217,6.6,"Anchorage, AK",2004
229,6.1,"Anchorage, AK",2005
241,6.0,"Anchorage, AK",2006
253,5.5,"Anchorage, AK",2007
265,5.7,"Anchorage, AK",2008
277,6.3,"Anchorage, AK",2009
289,7.3,"Anchorage, AK",2010
301,6.9,"Anchorage, AK",2011
313,6.3,"Anchorage, AK",2012
325,5.9,"Anchorage, AK",2013
337,5.9,"Anchorage, AK",2014
349,5.6,"Anchorage, AK",2015
361,5.9,"Anchorage, AK",2016
373,6.4,"Anchorage, AK",2017
385,6.2,"Anchorage, AK",2018
397,5.9,"Anchorage, AK",2019
409,5.4,"Anchorage, AK",2020
410,5.1,"Atlanta, GA",2003
422,4.3,"Atlanta, GA",2004
434,5.3,"Atlanta, GA",2005
446,5.0,"Atlanta, GA",2006
458,4.2,"Atlanta, GA",2007
470,5.0,"Atlanta, GA",2008
482,8.5,"Atlanta, GA",2009
494,10.6,"Atlanta, GA",2010
506,10.3,"Atlanta, GA",2011
518,9.3,"Atlanta, GA",2012
530,8.3,"Atlanta, GA",2013
542,7.0,"Atlanta, GA",2014
554,6.0,"Atlanta, GA",2015
566,5.2,"Atlanta, GA",2016
578,5.0,"Atlanta, GA",2017
590,4.1,"Atlanta, GA",2018
602,3.7,"Atlanta, GA",2019
614,3.0,"Atlanta, GA",2020
615,5.2,"Augusta, GA",2003
627,4.9,"Augusta, GA",2004
639,6.0,"Augusta, GA",2005
651,5.9,"Augusta, GA",2006
663,5.5,"Augusta, GA",2007
675,5.6,"Augusta, GA",2008
687,8.4,"Augusta, GA",2009
699,9.9,"Augusta, GA",2010
711,9.7,"Augusta, GA",2011
723,9.6,"Augusta, GA",2012
735,8.8,"Augusta, GA",2013
747,7.6,"Augusta, GA",2014
759,6.7,"Augusta, GA",2015
771,5.9,"Augusta, GA",2016
783,5.4,"Augusta, GA",2017
795,4.6,"Augusta, GA",2018
807,4.1,"Augusta, GA",2019
819,3.2,"Augusta, GA",2020
820,6.1,"Austin, TX",2003
832,5.4,"Austin, TX",2004
844,4.9,"Austin, TX",2005
856,4.4,"Austin, TX",2006
868,3.7,"Austin, TX",2007
880,3.8,"Austin, TX",2008
892,5.7,"Austin, TX",2009
904,7.2,"Austin, TX",2010
916,6.7,"Austin, TX",2011
928,6.1,"Austin, TX",2012
940,5.4,"Austin, TX",2013
952,4.6,"Austin, TX",2014
964,3.6,"Austin, TX",2015
976,3.2,"Austin, TX",2016
988,3.4,"Austin, TX",2017
1000,3.0,"Austin, TX",2018
1012,3.0,"Austin, TX",2019
1024,2.6,"Austin, TX",2020
1025,10.2,"Bakersfield, CA",2003
1037,10.2,"Bakersfield, CA",2004
1049,9.2,"Bakersfield, CA",2005
1061,7.6,"Bakersfield, CA",2006
1073,7.5,"Bakersfield, CA",2007
1085,8.8,"Bakersfield, CA",2008
1097,11.9,"Bakersfield, CA",2009
1109,15.5,"Bakersfield, CA",2010
1121,15.6,"Bakersfield, CA",2011
1133,13.9,"Bakersfield, CA",2012
1145,12.4,"Bakersfield, CA",2013
1157,11.0,"Bakersfield, CA",2014
1169,10.0,"Bakersfield, CA",2015
1181,10.2,"Bakersfield, CA",2016
1193,10.1,"Bakersfield, CA",2017
1205,8.3,"Bakersfield, CA",2018
1217,7.7,"Bakersfield, CA",2019
1229,7.4,"Bakersfield, CA",2020
1230,4.8,"Baltimore, MD",2003
1242,4.7,"Baltimore, MD",2004
1254,4.6,"Baltimore, MD",2005
1266,4.0,"Baltimore, MD",2006
1278,3.8,"Baltimore, MD",2007
1290,3.5,"Baltimore, MD",2008
1302,6.4,"Baltimore, MD",2009
1314,8.2,"Baltimore, MD",2010
1326,7.8,"Baltimore, MD",2011
1338,7.2,"Baltimore, MD",2012
1350,7.1,"Baltimore, MD",2013
1362,6.3,"Baltimore, MD",2014
1374,5.7,"Baltimore, MD",2015
1386,4.8,"Baltimore, MD",2016
1398,4.5,"Baltimore, MD",2017
1410,4.3,"Baltimore, MD",2018
1422,3.8,"Baltimore, MD",2019
1434,3.4,"Baltimore, MD",2020
1435,6.3,"Baton Rouge, LA",2003
1447,6.1,"Baton Rouge, LA",2004
1459,5.9,"Baton Rouge, LA",2005
1471,5.2,"Baton Rouge, LA",2006
1483,4.3,"Baton Rouge, LA",2007
1495,4.1,"Baton Rouge, LA",2008
1507,5.8,"Baton Rouge, LA",2009
1519,7.1,"Baton Rouge, LA",2010
1531,8.4,"Baton Rouge, LA",2011
1543,7.4,"Baton Rouge, LA",2012
1555,6.7,"Baton Rouge, LA",2013
1567,5.2,"Baton Rouge, LA",2014
1579,6.2,"Baton Rouge, LA",2015
1591,5.1,"Baton Rouge, LA",2016
1603,5.0,"Baton Rouge, LA",2017
1615,4.0,"Baton Rouge, LA",2018
1627,4.3,"Baton Rouge, LA",2019
1639,4.6,"Baton Rouge, LA",2020
1640,8.6,"Beaumont, TX",2003
1652,8.4,"Beaumont, TX",2004
1664,7.7,"Beaumont, TX",2005
1676,6.9,"Beaumont, TX",2006
1688,5.2,"Beaumont, TX",2007
1700,5.7,"Beaumont, TX",2008
1712,7.8,"Beaumont, TX",2009
1724,11.3,"Beaumont, TX",2010
1736,11.6,"Beaumont, TX",2011
1748,10.3,"Beaumont, TX",2012
1760,10.8,"Beaumont, TX",2013
1772,9.3,"Beaumont, TX",2014
1784,6.7,"Beaumont, TX",2015
1796,6.6,"Beaumont, TX",2016
1808,7.4,"Beaumont, TX",2017
1820,6.9,"Beaumont, TX",2018
1832,5.7,"Beaumont, TX",2019
1844,5.4,"Beaumont, TX",2020
1845,5.0,"Birmingham, AL",2003
1857,5.1,"Birmingham, AL",2004
1869,4.5,"Birmingham, AL",2005
1881,3.9,"Birmingham, AL",2006
1893,3.5,"Birmingham, AL",2007
1905,3.9,"Birmingham, AL",2008
1917,8.0,"Birmingham, AL",2009
1929,10.7,"Birmingham, AL",2010
1941,9.4,"Birmingham, AL",2011
1953,7.1,"Birmingham, AL",2012
1965,6.5,"Birmingham, AL",2013
1977,6.3,"Birmingham, AL",2014
1989,5.4,"Birmingham, AL",2015
2001,5.5,"Birmingham, AL",2016
2013,5.1,"Birmingham, AL",2017
2025,3.6,"Birmingham, AL",2018
2037,3.4,"Birmingham, AL",2019
2049,2.4,"Birmingham, AL",2020
2050,5.5,"Boston, MA",2003
2062,5.3,"Boston, MA",2004
2074,4.6,"Boston, MA",2005
2086,4.6,"Boston, MA",2006
2098,4.4,"Boston, MA",2007
2110,4.2,"Boston, MA",2008
2122,6.5,"Boston, MA",2009
2134,8.0,"Boston, MA",2010
2146,7.0,"Boston, MA",2011
2158,6.1,"Boston, MA",2012
2170,6.2,"Boston, MA",2013
2182,5.6,"Boston, MA",2014
2194,4.6,"Boston, MA",2015
2206,3.9,"Boston, MA",2016
2218,3.4,"Boston, MA",2017
2230,3.3,"Boston, MA",2018
2242,2.8,"Boston, MA",2019
2254,2.6,"Boston, MA",2020
2255,9.4,"Brownsville, TX",2003
2267,9.3,"Brownsville, TX",2004
2279,8.5,"Brownsville, TX",2005
2291,6.8,"Brownsville, TX",2006
2303,5.9,"Brownsville, TX",2007
2315,5.7,"Brownsville, TX",2008
2327,8.1,"Brownsville, TX",2009
2339,10.7,"Brownsville, TX",2010
2351,11.6,"Brownsville, TX",2011
2363,10.6,"Brownsville, TX",2012
2375,10.2,"Brownsville, TX",2013
2387,9.2,"Brownsville, TX",2014
2399,7.4,"Brownsville, TX",2015
2411,6.9,"Brownsville, TX",2016
2423,7.5,"Brownsville, TX",2017
2435,6.4,"Brownsville, TX",2018
2447,5.9,"Brownsville, TX",2019
2459,5.6,"Brownsville, TX",2020
2460,5.5,"Buffalo, NY",2003
2472,6.2,"Buffalo, NY",2004
2484,5.3,"Buffalo, NY",2005
2496,5.1,"Buffalo, NY",2006
2508,4.6,"Buffalo, NY",2007
2520,5.4,"Buffalo, NY",2008
2532,7.9,"Buffalo, NY",2009
2544,8.7,"Buffalo, NY",2010
2556,8.3,"Buffalo, NY",2011
2568,8.4,"Buffalo, NY",2012
2580,8.1,"Buffalo, NY",2013
2592,6.7,"Buffalo, NY",2014
2604,5.8,"Buffalo, NY",2015
2616,4.9,"Buffalo, NY",2016
2628,5.3,"Buffalo, NY",2017
2640,5.2,"Buffalo, NY",2018
2652,4.2,"Buffalo, NY",2019
2664,4.4,"Buffalo, NY",2020
2665,5.0,"Charleston, SC",2003
2677,5.4,"Charleston, SC",2004
2689,5.4,"Charleston, SC",2005
2701,5.3,"Charleston, SC",2006
2713,4.7,"Charleston, SC",2007
2725,4.5,"Charleston, SC",2008
2737,8.1,"Charleston, SC",2009
2749,9.7,"Charleston, SC",2010
2761,8.8,"Charleston, SC",2011
2773,8.1,"Charleston, SC",2012
2785,6.8,"Charleston, SC",2013
2797,5.3,"Charleston, SC",2014
2809,5.6,"Charleston, SC",2015
2821,4.7,"Charleston, SC",2016
2833,4.0,"Charleston, SC",2017
2845,3.4,"Charleston, SC",2018
2857,2.8,"Charleston, SC",2019
2869,2.0,"Charleston, SC",2020
2870,6.3,"Charlotte, NC",2003
2882,6.3,"Charlotte, NC",2004
2894,5.6,"Charlotte, NC",2005
2906,4.9,"Charlotte, NC",2006
2918,4.8,"Charlotte, NC",2007
2930,5.3,"Charlotte, NC",2008
2942,10.5,"Charlotte, NC",2009
2954,12.4,"Charlotte, NC",2010
2966,11.0,"Charlotte, NC",2011
2978,9.7,"Charlotte, NC",2012
2990,8.8,"Charlotte, NC",2013
3002,6.6,"Charlotte, NC",2014
3014,5.6,"Charlotte, NC",2015
3026,5.0,"Charlotte, NC",2016
3038,4.6,"Charlotte, NC",2017
3050,4.0,"Charlotte, NC",2018
3062,3.5,"Charlotte, NC",2019
3074,3.4,"Charlotte, NC",2020
3075,4.2,"Chattanooga, TN",2003
3087,4.3,"Chattanooga, TN",2004
3099,5.0,"Chattanooga, TN",2005
3111,4.6,"Chattanooga, TN",2006
3123,3.9,"Chattanooga, TN",2007
3135,4.9,"Chattanooga, TN",2008
3147,8.6,"Chattanooga, TN",2009
3159,9.5,"Chattanooga, TN",2010
3171,8.7,"Chattanooga, TN",2011
3183,7.3,"Chattanooga, TN",2012
3195,7.4,"Chattanooga, TN",2013
3207,6.6,"Chattanooga, TN",2014
3219,5.9,"Chattanooga, TN",2015
3231,4.9,"Chattanooga, TN",2016
3243,4.6,"Chattanooga, TN",2017
3255,3.7,"Chattanooga, TN",2018
3267,3.4,"Chattanooga, TN",2019
3279,3.3,"Chattanooga, TN",2020
3280,6.8,"Chicago, IL",2003
3292,6.5,"Chicago, IL",2004
3304,6.2,"Chicago, IL",2005
3316,5.1,"Chicago, IL",2006
3328,4.5,"Chicago, IL",2007
3340,5.3,"Chicago, IL",2008
3352,8.3,"Chicago, IL",2009
3364,11.4,"Chicago, IL",2010
3376,9.6,"Chicago, IL",2011
3388,9.3,"Chicago, IL",2012
3400,9.3,"Chicago, IL",2013
3412,8.3,"Chicago, IL",2014
3424,6.1,"Chicago, IL",2015
3436,6.0,"Chicago, IL",2016
3448,5.1,"Chicago, IL",2017
3460,4.4,"Chicago, IL",2018
3472,4.1,"Chicago, IL",2019
3484,3.6,"Chicago, IL",2020
3485,5.4,"Cincinnati, OH",2003
3497,5.4,"Cincinnati, OH",2004
3509,5.7,"Cincinnati, OH",2005
3521,5.3,"Cincinnati, OH",2006
3533,5.0,"Cincinnati, OH",2007
3545,4.9,"Cincinnati, OH",2008
3557,7.9,"Cincinnati, OH",2009
3569,10.4,"Cincinnati, OH",2010
3581,9.2,"Cincinnati, OH",2011
3593,7.9,"Cincinnati, OH",2012
3605,7.5,"Cincinnati, OH",2013
3617,6.4,"Cincinnati, OH",2014
3629,4.8,"Cincinnati, OH",2015
3641,4.4,"Cincinnati, OH",2016
3653,4.4,"Cincinnati, OH",2017
3665,3.9,"Cincinnati, OH",2018
3677,4.0,"Cincinnati, OH",2019
3689,3.7,"Cincinnati, OH",2020
3690,5.3,"Cleveland, OH",2003
3702,5.3,"Cleveland, OH",2004
3714,5.3,"Cleveland, OH",2005
3726,4.8,"Cleveland, OH",2006
3738,5.2,"Cleveland, OH",2007
3750,5.5,"Cleveland, OH",2008
3762,7.5,"Cleveland, OH",2009
3774,8.9,"Cleveland, OH",2010
3786,7.6,"Cleveland, OH",2011
3798,6.8,"Cleveland, OH",2012
3810,6.6,"Cleveland, OH",2013
3822,6.6,"Cleveland, OH",2014
3834,5.3,"Cleveland, OH",2015
3846,4.8,"Cleveland, OH",2016
3858,5.8,"Cleveland, OH",2017
3870,4.8,"Cleveland, OH",2018
3882,4.2,"Cleveland, OH",2019
3894,4.0,"Cleveland, OH",2020
3895,6.1,"Colorado Springs, CO",2003
3907,5.8,"Colorado Springs, CO",2004
3919,5.5,"Colorado Springs, CO",2005
3931,4.8,"Colorado Springs, CO",2006
3943,4.1,"Colorado Springs, CO",2007
3955,4.8,"Colorado Springs, CO",2008
3967,6.9,"Colorado Springs, CO",2009
3979,8.8,"Colorado Springs, CO",2010
3991,9.5,"Colorado Springs, CO",2011
4003,9.1,"Colorado Springs, CO",2012
4015,8.4,"Colorado Springs, CO",2013
4027,7.1,"Colorado Springs, CO",2014
4039,5.1,"Colorado Springs, CO",2015
4051,4.0,"Colorado Springs, CO",2016
4063,3.1,"Colorado Springs, CO",2017
4075,3.3,"Colorado Springs, CO",2018
4087,4.5,"Colorado Springs, CO",2019
4099,3.0,"Colorado Springs, CO",2020
4100,5.3,"Columbia, SC",2003
4112,5.7,"Columbia, SC",2004
4124,5.8,"Columbia, SC",2005
4136,5.7,"Columbia, SC",2006
4148,5.3,"Columbia, SC",2007
4160,4.9,"Columbia, SC",2008
4172,8.0,"Columbia, SC",2009
4184,9.6,"Columbia, SC",2010
4196,9.1,"Columbia, SC",2011
4208,8.5,"Columbia, SC",2012
4220,7.3,"Columbia, SC",2013
4232,5.6,"Columbia, SC",2014
4244,5.8,"Columbia, SC",2015
4256,5.1,"Columbia, SC",2016
4268,4.3,"Columbia, SC",2017
4280,3.9,"Columbia, SC",2018
4292,3.2,"Columbia, SC",2019
4304,2.2,"Columbia, SC",2020
4305,6.5,"Corpus Christi, TX",2003
4317,6.3,"Corpus Christi, TX",2004
4329,6.1,"Corpus Christi, TX",2005
4341,5.2,"Corpus Christi, TX",2006
4353,4.5,"Corpus Christi, TX",2007
4365,4.3,"Corpus Christi, TX",2008
4377,5.5,"Corpus Christi, TX",2009
4389,8.3,"Corpus Christi, TX",2010
4401,8.7,"Corpus Christi, TX",2011
4413,7.3,"Corpus Christi, TX",2012
4425,6.4,"Corpus Christi, TX",2013
4437,5.7,"Corpus Christi, TX",2014
4449,4.9,"Corpus Christi, TX",2015
4461,5.5,"Corpus Christi, TX",2016
4473,6.3,"Corpus Christi, TX",2017
4485,5.6,"Corpus Christi, TX",2018
4497,4.6,"Corpus Christi, TX",2019
4509,4.2,"Corpus Christi, TX",2020
4510,6.2,"Dayton, OH",2003
4522,6.2,"Dayton, OH",2004
4534,6.7,"Dayton, OH",2005
4546,5.8,"Dayton, OH",2006
4558,5.8,"Dayton, OH",2007
4570,5.9,"Dayton, OH",2008
4582,9.6,"Dayton, OH",2009
4594,11.9,"Dayton, OH",2010
4606,9.8,"Dayton, OH",2011
4618,8.2,"Dayton, OH",2012
4630,8.0,"Dayton, OH",2013
4642,6.8,"Dayton, OH",2014
4654,5.1,"Dayton, OH",2015
4666,4.7,"Dayton, OH",2016
4678,4.8,"Dayton, OH",2017
4690,4.2,"Dayton, OH",2018
4702,4.5,"Dayton, OH",2019
4714,4.1,"Dayton, OH",2020
4715,6.1,"Denver, CO",2003
4727,6.1,"Denver, CO",2004
4739,5.4,"Denver, CO",2005
4751,4.7,"Denver, CO",2006
4763,3.8,"Denver, CO",2007
4775,4.2,"Denver, CO",2008
4787,6.3,"Denver, CO",2009
4799,8.3,"Denver, CO",2010
4811,8.7,"Denver, CO",2011
4823,8.1,"Denver, CO",2012
4835,7.2,"Denver, CO",2013
4847,5.7,"Denver, CO",2014
4859,4.1,"Denver, CO",2015
4871,3.2,"Denver, CO",2016
4883,2.6,"Denver, CO",2017
4895,2.7,"Denver, CO",2018
4907,3.6,"Denver, CO",2019
4919,2.4,"Denver, CO",2020
4920,3.9,"Des Moines, IA",2003
4932,4.6,"Des Moines, IA",2004
4944,4.1,"Des Moines, IA",2005
4956,3.3,"Des Moines, IA",2006
4968,3.4,"Des Moines, IA",2007
4980,3.5,"Des Moines, IA",2008
4992,5.4,"Des Moines, IA",2009
5004,6.0,"Des Moines, IA",2010
5016,5.6,"Des Moines, IA",2011
5028,5.2,"Des Moines, IA",2012
5040,4.9,"Des Moines, IA",2013
5052,4.3,"Des Moines, IA",2014
5064,3.8,"Des Moines, IA",2015
5076,3.3,"Des Moines, IA",2016
5088,3.1,"Des Moines, IA",2017
5100,2.6,"Des Moines, IA",2018
5112,2.4,"Des Moines, IA",2019
5124,2.6,"Des Moines, IA",2020
5125,6.8,"Detroit, MI",2003
5137,6.8,"Detroit, MI",2004
5149,7.6,"Detroit, MI",2005
5161,6.9,"Detroit, MI",2006
5173,7.0,"Detroit, MI",2007
5185,7.3,"Detroit, MI",2008
5197,11.7,"Detroit, MI",2009
5209,15.3,"Detroit, MI",2010
5221,12.0,"Detroit, MI",2011
5233,10.1,"Detroit, MI",2012
5245,10.1,"Detroit, MI",2013
5257,8.5,"Detroit, MI",2014
5269,6.5,"Detroit, MI",2015
5281,5.2,"Detroit, MI",2016
5293,5.1,"Detroit, MI",2017
5305,4.5,"Detroit, MI",2018
5317,4.4,"Detroit, MI",2019
5329,4.0,"Detroit, MI",2020
5330,8.7,"El Paso, TX",2003
5342,8.1,"El Paso, TX",2004
5354,7.7,"El Paso, TX",2005
5366,6.6,"El Paso, TX",2006
5378,6.2,"El Paso, TX",2007
5390,5.5,"El Paso, TX",2008
5402,7.4,"El Paso, TX",2009
5414,9.0,"El Paso, TX",2010
5426,9.5,"El Paso, TX",2011
5438,8.9,"El Paso, TX",2012
5450,8.2,"El Paso, TX",2013
5462,7.0,"El Paso, TX",2014
5474,5.4,"El Paso, TX",2015
5486,4.8,"El Paso, TX",2016
5498,5.0,"El Paso, TX",2017
5510,4.4,"El Paso, TX",2018
5522,4.2,"El Paso, TX",2019
5534,3.8,"El Paso, TX",2020
5535,3.5,"Fayetteville, AR",2003
5547,3.9,"Fayetteville, AR",2004
5559,3.5,"Fayetteville, AR",2005
5571,3.3,"Fayetteville, AR",2006
5583,3.6,"Fayetteville, AR",2007
5595,3.8,"Fayetteville, AR",2008
5607,6.1,"Fayetteville, AR",2009
5619,6.7,"Fayetteville, AR",2010
5631,6.8,"Fayetteville, AR",2011
5643,6.1,"Fayetteville, AR",2012
5655,5.7,"Fayetteville, AR",2013
5667,5.0,"Fayetteville, AR",2014
5679,4.2,"Fayetteville, AR",2015
5691,3.1,"Fayetteville, AR",2016
5703,2.7,"Fayetteville, AR",2017
5715,2.9,"Fayetteville, AR",2018
5727,2.8,"Fayetteville, AR",2019
5739,2.5,"Fayetteville, AR",2020
5740,7.8,"Flint, MI",2003
5752,8.3,"Flint, MI",2004
5764,8.1,"Flint, MI",2005
5776,8.1,"Flint, MI",2006
5788,8.3,"Flint, MI",2007
5800,9.2,"Flint, MI",2008
5812,13.4,"Flint, MI",2009
5824,15.1,"Flint, MI",2010
5836,12.2,"Flint, MI",2011
5848,10.0,"Flint, MI",2012
5860,9.9,"Flint, MI",2013
5872,9.1,"Flint, MI",2014
5884,6.7,"Flint, MI",2015
5896,5.7,"Flint, MI",2016
5908,5.9,"Flint, MI",2017
5920,5.6,"Flint, MI",2018
5932,4.7,"Flint, MI",2019
5944,4.7,"Flint, MI",2020
5945,4.7,"Fort Wayne, IN",2003
5957,5.3,"Fort Wayne, IN",2004
5969,5.5,"Fort Wayne, IN",2005
5981,5.0,"Fort Wayne, IN",2006
5993,4.7,"Fort Wayne, IN",2007
6005,5.0,"Fort Wayne, IN",2008
6017,8.7,"Fort Wayne, IN",2009
6029,11.4,"Fort Wayne, IN",2010
6041,9.5,"Fort Wayne, IN",2011
6053,8.7,"Fort Wayne, IN",2012
6065,8.1,"Fort Wayne, IN",2013
6077,6.0,"Fort Wayne, IN",2014
6089,5.1,"Fort Wayne, IN",2015
6101,4.4,"Fort Wayne, IN",2016
6113,3.7,"Fort Wayne, IN",2017
6125,3.0,"Fort Wayne, IN",2018
6137,3.1,"Fort Wayne, IN",2019
6149,3.1,"Fort Wayne, IN",2020
6150,12.2,"Fresno, CA",2003
6162,11.0,"Fresno, CA",2004
6174,9.6,"Fresno, CA",2005
6186,8.1,"Fresno, CA",2006
6198,7.8,"Fresno, CA",2007
6210,9.2,"Fresno, CA",2008
6222,13.1,"Fresno, CA",2009
6234,16.3,"Fresno, CA",2010
6246,16.8,"Fresno, CA",2011
6258,15.8,"Fresno, CA",2012
6270,14.1,"Fresno, CA",2013
6282,12.4,"Fresno, CA",2014
6294,10.7,"Fresno, CA",2015
6306,9.6,"Fresno, CA",2016
6318,9.2,"Fresno, CA",2017
6330,7.8,"Fresno, CA",2018
6342,7.3,"Fresno, CA",2019
6354,6.9,"Fresno, CA",2020
6355,6.4,"Grand Rapids, MI",2003
6367,6.6,"Grand Rapids, MI",2004
6379,6.2,"Grand Rapids, MI",2005
6391,6.0,"Grand Rapids, MI",2006
6403,6.1,"Grand Rapids, MI",2007
6415,6.1,"Grand Rapids, MI",2008
6427,9.6,"Grand Rapids, MI",2009
6439,11.6,"Grand Rapids, MI",2010
6451,9.0,"Grand Rapids, MI",2011
6463,7.2,"Grand Rapids, MI",2012
6475,6.6,"Grand Rapids, MI",2013
6487,5.6,"Grand Rapids, MI",2014
6499,4.3,"Grand Rapids, MI",2015
6511,3.5,"Grand Rapids, MI",2016
6523,3.6,"Grand Rapids, MI",2017
6535,3.4,"Grand Rapids, MI",2018
6547,3.0,"Grand Rapids, MI",2019
6559,2.9,"Grand Rapids, MI",2020
6560,6.4,"Greensboro, NC",2003
6572,5.9,"Greensboro, NC",2004
6584,5.4,"Greensboro, NC",2005
6596,4.7,"Greensboro, NC",2006
6608,4.9,"Greensboro, NC",2007
6620,5.1,"Greensboro, NC",2008
6632,10.0,"Greensboro, NC",2009
6644,12.0,"Greensboro, NC",2010
6656,11.0,"Greensboro, NC",2011
6668,10.1,"Greensboro, NC",2012
6680,9.4,"Greensboro, NC",2013
6692,7.2,"Greensboro, NC",2014
6704,5.9,"Greensboro, NC",2015
6716,5.4,"Greensboro, NC",2016
6728,5.0,"Greensboro, NC",2017
6740,4.4,"Greensboro, NC",2018
6752,4.1,"Greensboro, NC",2019
6764,3.9,"Greensboro, NC",2020
6765,6.0,"Greenville, SC",2003
6777,6.5,"Greenville, SC",2004
6789,6.3,"Greenville, SC",2005
6801,6.1,"Greenville, SC",2006
6813,5.5,"Greenville, SC",2007
6825,5.0,"Greenville, SC",2008
6837,9.0,"Greenville, SC",2009
6849,11.2,"Greenville, SC",2010
6861,9.7,"Greenville, SC",2011
6873,8.6,"Greenville, SC",2012
6885,7.3,"Greenville, SC",2013
6897,5.5,"Greenville, SC",2014
6909,5.7,"Greenville, SC",2015
6921,4.8,"Greenville, SC",2016
6933,4.1,"Greenville, SC",2017
6945,3.5,"Greenville, SC",2018
6957,3.0,"Greenville, SC",2019
6969,2.2,"Greenville, SC",2020
6970,4.8,"Harrisburg, PA",2003
6982,4.5,"Harrisburg, PA",2004
6994,4.2,"Harrisburg, PA",2005
7006,3.8,"Harrisburg, PA",2006
7018,3.6,"Harrisburg, PA",2007
7030,3.9,"Harrisburg, PA",2008
7042,6.2,"Harrisburg, PA",2009
7054,7.7,"Harrisburg, PA",2010
7066,7.1,"Harrisburg, PA",2011
7078,6.8,"Harrisburg, PA",2012
7090,6.8,"Harrisburg, PA",2013
7102,5.5,"Harrisburg, PA",2014
7114,4.5,"Harrisburg, PA",2015
7126,4.2,"Harrisburg, PA",2016
7138,4.3,"Harrisburg, PA",2017
7150,3.9,"Harrisburg, PA",2018
7162,3.5,"Harrisburg, PA",2019
7174,4.0,"Harrisburg, PA",2020
7175,5.7,"Hartford, CT",2003
7187,5.5,"Hartford, CT",2004
7199,5.1,"Hartford, CT",2005
7211,4.7,"Hartford, CT",2006
7223,4.5,"Hartford, CT",2007
7235,5.1,"Hartford, CT",2008
7247,6.9,"Hartford, CT",2009
7259,9.0,"Hartford, CT",2010
7271,9.1,"Hartford, CT",2011
7283,8.2,"Hartford, CT",2012
7295,8.1,"Hartford, CT",2013
7307,7.1,"Hartford, CT",2014
7319,6.1,"Hartford, CT",2015
7331,5.5,"Hartford, CT",2016
7343,4.8,"Hartford, CT",2017
7355,4.6,"Hartford, CT",2018
7367,3.9,"Hartford, CT",2019
7379,3.8,"Hartford, CT",2020
7380,6.5,"Houston, TX",2003
7392,6.4,"Houston, TX",2004
7404,5.9,"Houston, TX",2005
7416,5.6,"Houston, TX",2006
7428,4.3,"Houston, TX",2007
7440,4.2,"Houston, TX",2008
7452,5.9,"Houston, TX",2009
7464,8.4,"Houston, TX",2010
7476,8.1,"Houston, TX",2011
7488,7.1,"Houston, TX",2012
7500,6.3,"Houston, TX",2013
7512,5.4,"Houston, TX",2014
7524,4.4,"Houston, TX",2015
7536,4.8,"Houston, TX",2016
7548,5.5,"Houston, TX",2017
7560,4.7,"Houston, TX",2018
7572,4.1,"Houston, TX",2019
7584,3.7,"Houston, TX",2020
7585,4.6,"Huntsville, AL",2003
7597,5.1,"Huntsville, AL",2004
7609,4.1,"Huntsville, AL",2005
7621,3.5,"Huntsville, AL",2006
7633,3.1,"Huntsville, AL",2007
7645,3.4,"Huntsville, AL",2008
7657,6.6,"Huntsville, AL",2009
7669,9.4,"Huntsville, AL",2010
7681,8.6,"Huntsville, AL",2011
7693,7.1,"Huntsville, AL",2012
7705,6.5,"Huntsville, AL",2013
7717,6.5,"Huntsville, AL",2014
7729,5.5,"Huntsville, AL",2015
7741,5.3,"Huntsville, AL",2016
7753,4.8,"Huntsville, AL",2017
7765,3.5,"Huntsville, AL",2018
7777,3.4,"Huntsville, AL",2019
7789,2.3,"Huntsville, AL",2020
7790,4.6,"Indianapolis, IN",2003
7802,4.8,"Indianapolis, IN",2004
7814,5.3,"Indianapolis, IN",2005
7826,4.8,"Indianapolis, IN",2006
7838,4.2,"Indianapolis, IN",2007
7850,4.3,"Indianapolis, IN",2008
7862,7.5,"Indianapolis, IN",2009
7874,9.9,"Indianapolis, IN",2010
7886,8.7,"Indianapolis, IN",2011
7898,8.3,"Indianapolis, IN",2012
7910,8.2,"Indianapolis, IN",2013
7922,6.2,"Indianapolis, IN",2014
7934,5.1,"Indianapolis, IN",2015
7946,4.3,"Indianapolis, IN",2016
7958,3.6,"Indianapolis, IN",2017
7970,3.0,"Indianapolis, IN",2018
7982,3.3,"Indianapolis, IN",2019
7994,2.9,"Indianapolis, IN",2020
7995,5.4,"Jackson, MS",2003
8007,4.5,"Jackson, MS",2004
8019,5.8,"Jackson, MS",2005
8031,5.4,"Jackson, MS",2006
8043,5.3,"Jackson, MS",2007
8055,4.8,"Jackson, MS",2008
8067,6.5,"Jackson, MS",2009
8079,9.1,"Jackson, MS",2010
8091,8.6,"Jackson, MS",2011
8103,7.8,"Jackson, MS",2012
8115,7.6,"Jackson, MS",2013
8127,6.8,"Jackson, MS",2014
8139,5.5,"Jackson, MS",2015
8151,5.1,"Jackson, MS",2016
8163,4.6,"Jackson, MS",2017
8175,4.2,"Jackson, MS",2018
8187,4.1,"Jackson, MS",2019
8199,4.8,"Jackson, MS",2020
8200,5.2,"Jacksonville, FL",2003
8212,4.9,"Jacksonville, FL",2004
8224,4.3,"Jacksonville, FL",2005
8236,3.2,"Jacksonville, FL",2006
8248,3.5,"Jacksonville, FL",2007
8260,4.7,"Jacksonville, FL",2008
8272,8.5,"Jacksonville, FL",2009
8284,10.9,"Jacksonville, FL",2010
8296,10.3,"Jacksonville, FL",2011
8308,8.7,"Jacksonville, FL",2012
8320,7.6,"Jacksonville, FL",2013
8332,6.4,"Jacksonville, FL",2014
8344,5.7,"Jacksonville, FL",2015
8356,4.9,"Jacksonville, FL",2016
8368,4.5,"Jacksonville, FL",2017
8380,3.7,"Jacksonville, FL",2018
8392,3.3,"Jacksonville, FL",2019
8404,2.9,"Jacksonville, FL",2020
8405,5.6,"Kansas City, MO",2003
8417,6.0,"Kansas City, MO",2004
8429,6.0,"Kansas City, MO",2005
8441,5.3,"Kansas City, MO",2006
8453,4.9,"Kansas City, MO",2007
8465,5.2,"Kansas City, MO",2008
8477,8.0,"Kansas City, MO",2009
8489,8.8,"Kansas City, MO",2010
8501,8.5,"Kansas City, MO",2011
8513,6.8,"Kansas City, MO",2012
8525,6.4,"Kansas City, MO",2013
8537,6.0,"Kansas City, MO",2014
8549,5.3,"Kansas City, MO",2015
8561,4.1,"Kansas City, MO",2016
8573,4.1,"Kansas City, MO",2017
8585,3.6,"Kansas City, MO",2018
8597,3.3,"Kansas City, MO",2019
8609,3.2,"Kansas City, MO",2020
8610,6.3,"Killeen, TX",2003
8622,5.7,"Killeen, TX",2004
8634,5.2,"Killeen, TX",2005
8646,5.3,"Killeen, TX",2006
8658,4.7,"Killeen, TX",2007
8670,4.6,"Killeen, TX",2008
8682,5.9,"Killeen, TX",2009
8694,7.5,"Killeen, TX",2010
8706,7.9,"Killeen, TX",2011
8718,7.7,"Killeen, TX",2012
8730,7.1,"Killeen, TX",2013
8742,6.4,"Killeen, TX",2014
8754,5.0,"Killeen, TX",2015
8766,4.4,"Killeen, TX",2016
8778,4.6,"Killeen, TX",2017
8790,4.1,"Killeen, TX",2018
8802,4.1,"Killeen, TX",2019
8814,3.6,"Killeen, TX",2020
8815,4.3,"Knoxville, TN",2003
8827,4.4,"Knoxville, TN",2004
8839,4.9,"Knoxville, TN",2005
8851,4.5,"Knoxville, TN",2006
8863,3.8,"Knoxville, TN",2007
8875,4.5,"Knoxville, TN",2008
8887,7.9,"Knoxville, TN",2009
8899,9.4,"Knoxville, TN",2010
8911,8.4,"Knoxville, TN",2011
8923,7.0,"Knoxville, TN",2012
8935,7.2,"Knoxville, TN",2013
8947,6.3,"Knoxville, TN",2014
8959,5.7,"Knoxville, TN",2015
8971,4.5,"Knoxville, TN",2016
8983,4.3,"Knoxville, TN",2017
8995,3.3,"Knoxville, TN",2018
9007,3.2,"Knoxville, TN",2019
9019,3.1,"Knoxville, TN",2020
9020,5.7,"Lafayette, LA",2003
9032,5.3,"Lafayette, LA",2004
9044,5.1,"Lafayette, LA",2005
9056,4.2,"Lafayette, LA",2006
9068,3.4,"Lafayette, LA",2007
9080,3.4,"Lafayette, LA",2008
9092,4.7,"Lafayette, LA",2009
9104,6.9,"Lafayette, LA",2010
9116,7.2,"Lafayette, LA",2011
9128,6.1,"Lafayette, LA",2012
9140,5.6,"Lafayette, LA",2013
9152,4.6,"Lafayette, LA",2014
9164,6.1,"Lafayette, LA",2015
9176,7.0,"Lafayette, LA",2016
9188,6.6,"Lafayette, LA",2017
9200,4.8,"Lafayette, LA",2018
9212,4.8,"Lafayette, LA",2019
9224,5.0,"Lafayette, LA",2020
9225,5.7,"Lakeland, FL",2003
9237,5.1,"Lakeland, FL",2004
9249,4.8,"Lakeland, FL",2005
9261,3.7,"Lakeland, FL",2006
9273,4.0,"Lakeland, FL",2007
9285,5.4,"Lakeland, FL",2008
9297,9.9,"Lakeland, FL",2009
9309,12.0,"Lakeland, FL",2010
9321,11.9,"Lakeland, FL",2011
9333,10.1,"Lakeland, FL",2012
9345,8.8,"Lakeland, FL",2013
9357,7.5,"Lakeland, FL",2014
9369,6.7,"Lakeland, FL",2015
9381,5.8,"Lakeland, FL",2016
9393,5.3,"Lakeland, FL",2017
9405,4.6,"Lakeland, FL",2018
9417,3.9,"Lakeland, FL",2019
9429,3.4,"Lakeland, FL",2020
9430,4.8,"Lansing, MI",2003
9442,5.5,"Lansing, MI",2004
9454,6.0,"Lansing, MI",2005
9466,6.2,"Lansing, MI",2006
9478,5.9,"Lansing, MI",2007
9490,5.8,"Lansing, MI",2008
9502,10.0,"Lansing, MI",2009
9514,10.8,"Lansing, MI",2010
9526,8.7,"Lansing, MI",2011
9538,7.5,"Lansing, MI",2012
9550,7.4,"Lansing, MI",2013
9562,6.3,"Lansing, MI",2014
9574,5.1,"Lansing, MI",2015
9586,4.1,"Lansing, MI",2016
9598,4.1,"Lansing, MI",2017
9610,4.1,"Lansing, MI",2018
9622,3.6,"Lansing, MI",2019
9634,3.3,"Lansing, MI",2020
9635,5.5,"Las Vegas, NV",2003
9647,4.7,"Las Vegas, NV",2004
9659,4.1,"Las Vegas, NV",2005
9671,3.9,"Las Vegas, NV",2006
9683,4.1,"Las Vegas, NV",2007
9695,5.1,"Las Vegas, NV",2008
9707,9.6,"Las Vegas, NV",2009
9719,13.4,"Las Vegas, NV",2010
9731,13.8,"Las Vegas, NV",2011
9743,12.0,"Las Vegas, NV",2012
9755,10.4,"Las Vegas, NV",2013
9767,8.7,"Las Vegas, NV",2014
9779,7.3,"Las Vegas, NV",2015
9791,6.3,"Las Vegas, NV",2016
9803,5.4,"Las Vegas, NV",2017
9815,5.0,"Las Vegas, NV",2018
9827,4.6,"Las Vegas, NV",2019
9839,3.9,"Las Vegas, NV",2020
9840,5.0,"Little Rock, AR",2003
9852,5.3,"Little Rock, AR",2004
9864,4.9,"Little Rock, AR",2005
9876,4.5,"Little Rock, AR",2006
9888,4.5,"Little Rock, AR",2007
9900,4.4,"Little Rock, AR",2008
9912,6.0,"Little Rock, AR",2009
9924,7.1,"Little Rock, AR",2010
9936,7.4,"Little Rock, AR",2011
9948,6.8,"Little Rock, AR",2012
9960,6.5,"Little Rock, AR",2013
9972,5.9,"Little Rock, AR",2014
9984,5.0,"Little Rock, AR",2015
9996,3.7,"Little Rock, AR",2016
10008,3.3,"Little Rock, AR",2017
10020,3.4,"Little Rock, AR",2018
10032,3.4,"Little Rock, AR",2019
10044,3.3,"Little Rock, AR",2020
10045,6.2,"Los Angeles, CA",2003
10057,6.2,"Los Angeles, CA",2004
10069,5.5,"Los Angeles, CA",2005
10081,4.7,"Los Angeles, CA",2006
10093,4.5,"Los Angeles, CA",2007
10105,5.5,"Los Angeles, CA",2008
10117,9.6,"Los Angeles, CA",2009
10129,11.7,"Los Angeles, CA",2010
10141,11.7,"Los Angeles, CA",2011
10153,10.8,"Los Angeles, CA",2012
10165,9.5,"Los Angeles, CA",2013
10177,8.2,"Los Angeles, CA",2014
10189,6.9,"Los Angeles, CA",2015
10201,5.2,"Los Angeles, CA",2016
10213,4.7,"Los Angeles, CA",2017
10225,4.3,"Los Angeles, CA",2018
10237,4.3,"Los Angeles, CA",2019
10249,3.9,"Los Angeles, CA",2020
10250,3.9,"Madison, WI",2003
10262,3.6,"Madison, WI",2004
10274,3.3,"Madison, WI",2005
10286,3.5,"Madison, WI",2006
10298,3.7,"Madison, WI",2007
10310,3.5,"Madison, WI",2008
10322,5.1,"Madison, WI",2009
10334,6.8,"Madison, WI",2010
10346,5.9,"Madison, WI",2011
10358,5.3,"Madison, WI",2012
10370,5.2,"Madison, WI",2013
10382,4.4,"Madison, WI",2014
10394,3.5,"Madison, WI",2015
10406,3.2,"Madison, WI",2016
10418,2.7,"Madison, WI",2017
10430,2.3,"Madison, WI",2018
10442,2.3,"Madison, WI",2019
10454,2.6,"Madison, WI",2020
10455,4.2,"Manchester, NH",2003
10467,3.8,"Manchester, NH",2004
10479,3.5,"Manchester, NH",2005
10491,3.4,"Manchester, NH",2006
10503,3.6,"Manchester, NH",2007
10515,3.5,"Manchester, NH",2008
10527,5.2,"Manchester, NH",2009
10539,6.7,"Manchester, NH",2010
10551,5.5,"Manchester, NH",2011
10563,5.5,"Manchester, NH",2012
10575,5.5,"Manchester, NH",2013
10587,4.7,"Manchester, NH",2014
10599,3.7,"Manchester, NH",2015
10611,2.8,"Manchester, NH",2016
10623,2.7,"Manchester, NH",2017
10635,2.5,"Manchester, NH",2018
10647,2.3,"Manchester, NH",2019
10659,2.4,"Manchester, NH",2020
10660,5.4,"Memphis, TN",2003
10672,5.7,"Memphis, TN",2004
10684,6.5,"Memphis, TN",2005
10696,5.7,"Memphis, TN",2006
10708,5.1,"Memphis, TN",2007
10720,5.8,"Memphis, TN",2008
10732,8.7,"Memphis, TN",2009
10744,10.1,"Memphis, TN",2010
10756,9.7,"Memphis, TN",2011
10768,8.6,"Memphis, TN",2012
10780,8.5,"Memphis, TN",2013
10792,7.7,"Memphis, TN",2014
10804,6.9,"Memphis, TN",2015
10816,5.3,"Memphis, TN",2016
10828,4.9,"Memphis, TN",2017
10840,4.2,"Memphis, TN",2018
10852,4.0,"Memphis, TN",2019
10864,4.1,"Memphis, TN",2020
10865,5.4,"Miami, FL",2003
10877,4.8,"Miami, FL",2004
10889,4.1,"Miami, FL",2005
10901,3.2,"Miami, FL",2006
10913,3.2,"Miami, FL",2007
10925,4.2,"Miami, FL",2008
10937,7.8,"Miami, FL",2009
10949,11.1,"Miami, FL",2010
10961,10.3,"Miami, FL",2011
10973,8.5,"Miami, FL",2012
10985,7.7,"Miami, FL",2013
10997,6.6,"Miami, FL",2014
11009,5.7,"Miami, FL",2015
11021,5.0,"Miami, FL",2016
11033,4.7,"Miami, FL",2017
11045,4.0,"Miami, FL",2018
11057,3.5,"Miami, FL",2019
11069,2.7,"Miami, FL",2020
11070,6.1,"Milwaukee, WI",2003
11082,5.9,"Milwaukee, WI",2004
11094,5.0,"Milwaukee, WI",2005
11106,5.0,"Milwaukee, WI",2006
11118,4.9,"Milwaukee, WI",2007
11130,4.7,"Milwaukee, WI",2008
11142,7.0,"Milwaukee, WI",2009
11154,9.4,"Milwaukee, WI",2010
11166,8.4,"Milwaukee, WI",2011
11178,7.6,"Milwaukee, WI",2012
11190,7.4,"Milwaukee, WI",2013
11202,6.6,"Milwaukee, WI",2014
11214,5.3,"Milwaukee, WI",2015
11226,4.6,"Milwaukee, WI",2016
11238,3.9,"Milwaukee, WI",2017
11250,3.1,"Milwaukee, WI",2018
11262,3.2,"Milwaukee, WI",2019
11274,3.7,"Milwaukee, WI",2020
11275,6.5,"Mobile, AL",2003
11287,7.0,"Mobile, AL",2004
11299,5.6,"Mobile, AL",2005
11311,4.3,"Mobile, AL",2006
11323,3.9,"Mobile, AL",2007
11335,4.5,"Mobile, AL",2008
11347,8.7,"Mobile, AL",2009
11359,12.6,"Mobile, AL",2010
11371,11.2,"Mobile, AL",2011
11383,9.2,"Mobile, AL",2012
11395,8.6,"Mobile, AL",2013
11407,8.4,"Mobile, AL",2014
11419,6.7,"Mobile, AL",2015
11431,6.8,"Mobile, AL",2016
11443,6.4,"Mobile, AL",2017
11455,4.8,"Mobile, AL",2018
11467,4.6,"Mobile, AL",2019
11479,3.4,"Mobile, AL",2020
11480,10.0,"Modesto, CA",2003
11492,9.6,"Modesto, CA",2004
11504,8.8,"Modesto, CA",2005
11516,7.8,"Modesto, CA",2006
11528,7.8,"Modesto, CA",2007
11540,9.5,"Modesto, CA",2008
11552,13.8,"Modesto, CA",2009
11564,17.0,"Modesto, CA",2010
11576,17.0,"Modesto, CA",2011
11588,15.6,"Modesto, CA",2012
11600,13.8,"Modesto, CA",2013
11612,12.1,"Modesto, CA",2014
11624,10.1,"Modesto, CA",2015
11636,8.8,"Modesto, CA",2016
11648,8.1,"Modesto, CA",2017
11660,6.5,"Modesto, CA",2018
11672,6.3,"Modesto, CA",2019
11684,5.8,"Modesto, CA",2020
11685,5.8,"Myrtle Beach, SC",2003
11697,5.8,"Myrtle Beach, SC",2004
11709,5.8,"Myrtle Beach, SC",2005
11721,5.2,"Myrtle Beach, SC",2006
11733,4.7,"Myrtle Beach, SC",2007
11745,5.2,"Myrtle Beach, SC",2008
11757,10.9,"Myrtle Beach, SC",2009
11769,12.7,"Myrtle Beach, SC",2010
11781,12.3,"Myrtle Beach, SC",2011
11793,11.4,"Myrtle Beach, SC",2012
11805,9.8,"Myrtle Beach, SC",2013
11817,7.5,"Myrtle Beach, SC",2014
11829,7.4,"Myrtle Beach, SC",2015
11841,6.0,"Myrtle Beach, SC",2016
11853,5.3,"Myrtle Beach, SC",2017
11865,4.6,"Myrtle Beach, SC",2018
11877,4.2,"Myrtle Beach, SC",2019
11889,3.2,"Myrtle Beach, SC",2020
11890,4.3,"Nashville, TN",2003
11902,4.5,"Nashville, TN",2004
11914,4.8,"Nashville, TN",2005
11926,4.4,"Nashville, TN",2006
11938,3.8,"Nashville, TN",2007
11950,4.8,"Nashville, TN",2008
11962,8.3,"Nashville, TN",2009
11974,9.3,"Nashville, TN",2010
11986,8.4,"Nashville, TN",2011
11998,6.7,"Nashville, TN",2012
12010,6.3,"Nashville, TN",2013
12022,5.3,"Nashville, TN",2014
12034,4.9,"Nashville, TN",2015
12046,3.8,"Nashville, TN",2016
12058,3.5,"Nashville, TN",2017
12070,2.8,"Nashville, TN",2018
12082,2.6,"Nashville, TN",2019
12094,2.6,"Nashville, TN",2020
12095,5.2,"New Haven, CT",2003
12107,5.2,"New Haven, CT",2004
12119,5.0,"New Haven, CT",2005
12131,4.6,"New Haven, CT",2006
12143,4.5,"New Haven, CT",2007
12155,5.1,"New Haven, CT",2008
12167,6.9,"New Haven, CT",2009
12179,8.9,"New Haven, CT",2010
12191,9.6,"New Haven, CT",2011
12203,8.5,"New Haven, CT",2012
12215,8.4,"New Haven, CT",2013
12227,7.3,"New Haven, CT",2014
12239,6.1,"New Haven, CT",2015
12251,5.5,"New Haven, CT",2016
12263,4.8,"New Haven, CT",2017
12275,4.5,"New Haven, CT",2018
12287,3.8,"New Haven, CT",2019
12299,3.6,"New Haven, CT",2020
12300,5.7,"New Orleans, LA",2003
12312,5.3,"New Orleans, LA",2004
12324,5.5,"New Orleans, LA",2005
12336,7.5,"New Orleans, LA",2006
12348,4.1,"New Orleans, LA",2007
12360,3.9,"New Orleans, LA",2008
12372,6.2,"New Orleans, LA",2009
12384,7.2,"New Orleans, LA",2010
12396,8.2,"New Orleans, LA",2011
12408,7.5,"New Orleans, LA",2012
12420,7.0,"New Orleans, LA",2013
12432,5.7,"New Orleans, LA",2014
12444,6.8,"New Orleans, LA",2015
12456,5.7,"New Orleans, LA",2016
12468,5.2,"New Orleans, LA",2017
12480,4.4,"New Orleans, LA",2018
12492,4.6,"New Orleans, LA",2019
12504,4.6,"New Orleans, LA",2020
12505,4.8,"Oklahoma City, OK",2003
12517,4.7,"Oklahoma City, OK",2004
12529,4.5,"Oklahoma City, OK",2005
12541,4.0,"Oklahoma City, OK",2006
12553,4.3,"Oklahoma City, OK",2007
12565,3.5,"Oklahoma City, OK",2008
12577,4.9,"Oklahoma City, OK",2009
12589,6.1,"Oklahoma City, OK",2010
12601,5.3,"Oklahoma City, OK",2011
12613,4.7,"Oklahoma City, OK",2012
12625,4.6,"Oklahoma City, OK",2013
12637,4.4,"Oklahoma City, OK",2014
12649,3.7,"Oklahoma City, OK",2015
12661,4.0,"Oklahoma City, OK",2016
12673,4.1,"Oklahoma City, OK",2017
12685,3.5,"Oklahoma City, OK",2018
12697,3.0,"Oklahoma City, OK",2019
12709,3.0,"Oklahoma City, OK",2020
12710,4.1,"Omaha, NE",2003
12722,4.2,"Omaha, NE",2004
12734,4.5,"Omaha, NE",2005
12746,3.6,"Omaha, NE",2006
12758,3.5,"Omaha, NE",2007
12770,3.3,"Omaha, NE",2008
12782,4.5,"Omaha, NE",2009
12794,5.3,"Omaha, NE",2010
12806,5.0,"Omaha, NE",2011
12818,4.6,"Omaha, NE",2012
12830,4.3,"Omaha, NE",2013
12842,3.8,"Omaha, NE",2014
12854,3.2,"Omaha, NE",2015
12866,3.2,"Omaha, NE",2016
12878,3.1,"Omaha, NE",2017
12890,2.9,"Omaha, NE",2018
12902,2.8,"Omaha, NE",2019
12914,3.0,"Omaha, NE",2020
12915,5.4,"Orlando, FL",2003
12927,4.8,"Orlando, FL",2004
12939,4.2,"Orlando, FL",2005
12951,3.1,"Orlando, FL",2006
12963,3.4,"Orlando, FL",2007
12975,4.6,"Orlando, FL",2008
12987,9.0,"Orlando, FL",2009
12999,11.2,"Orlando, FL",2010
13011,10.8,"Orlando, FL",2011
13023,8.9,"Orlando, FL",2012
13035,7.6,"Orlando, FL",2013
13047,6.3,"Orlando, FL",2014
13059,5.6,"Orlando, FL",2015
13071,4.7,"Orlando, FL",2016
13083,4.3,"Orlando, FL",2017
13095,3.6,"Orlando, FL",2018
13107,3.2,"Orlando, FL",2019
13119,2.7,"Orlando, FL",2020
13120,5.2,"Pensacola, FL",2003
13132,4.5,"Pensacola, FL",2004
13144,4.7,"Pensacola, FL",2005
13156,3.1,"Pensacola, FL",2006
13168,3.4,"Pensacola, FL",2007
13180,4.6,"Pensacola, FL",2008
13192,8.8,"Pensacola, FL",2009
13204,10.2,"Pensacola, FL",2010
13216,9.7,"Pensacola, FL",2011
13228,8.5,"Pensacola, FL",2012
13240,7.6,"Pensacola, FL",2013
13252,6.4,"Pensacola, FL",2014
13264,5.6,"Pensacola, FL",2015
13276,4.9,"Pensacola, FL",2016
13288,4.5,"Pensacola, FL",2017
13300,3.9,"Pensacola, FL",2018
13312,3.3,"Pensacola, FL",2019
13324,2.9,"Pensacola, FL",2020
13325,5.5,"Philadelphia, PA",2003
13337,5.3,"Philadelphia, PA",2004
13349,4.8,"Philadelphia, PA",2005
13361,4.6,"Philadelphia, PA",2006
13373,4.2,"Philadelphia, PA",2007
13385,4.6,"Philadelphia, PA",2008
13397,7.1,"Philadelphia, PA",2009
13409,8.9,"Philadelphia, PA",2010
13421,8.5,"Philadelphia, PA",2011
13433,8.4,"Philadelphia, PA",2012
13445,8.3,"Philadelphia, PA",2013
13457,6.8,"Philadelphia, PA",2014
13469,5.7,"Philadelphia, PA",2015
13481,5.0,"Philadelphia, PA",2016
13493,4.8,"Philadelphia, PA",2017
13505,4.5,"Philadelphia, PA",2018
13517,4.0,"Philadelphia, PA",2019
13529,4.3,"Philadelphia, PA",2020
13530,5.6,"Phoenix, AZ",2003
13542,4.8,"Phoenix, AZ",2004
13554,4.3,"Phoenix, AZ",2005
13566,3.9,"Phoenix, AZ",2006
13578,3.3,"Phoenix, AZ",2007
13590,3.9,"Phoenix, AZ",2008
13602,7.8,"Phoenix, AZ",2009
13614,10.2,"Phoenix, AZ",2010
13626,9.0,"Phoenix, AZ",2011
13638,7.8,"Phoenix, AZ",2012
13650,6.8,"Phoenix, AZ",2013
13662,6.2,"Phoenix, AZ",2014
13674,5.5,"Phoenix, AZ",2015
13686,4.8,"Phoenix, AZ",2016
13698,4.5,"Phoenix, AZ",2017
13710,4.2,"Phoenix, AZ",2018
13722,4.4,"Phoenix, AZ",2019
13734,3.9,"Phoenix, AZ",2020
13735,6.0,"Pittsburgh, PA",2003
13747,5.7,"Pittsburgh, PA",2004
13759,5.5,"Pittsburgh, PA",2005
13771,4.8,"Pittsburgh, PA",2006
13783,4.3,"Pittsburgh, PA",2007
13795,4.6,"Pittsburgh, PA",2008
13807,6.5,"Pittsburgh, PA",2009
13819,8.3,"Pittsburgh, PA",2010
13831,7.4,"Pittsburgh, PA",2011
13843,7.1,"Pittsburgh, PA",2012
13855,7.2,"Pittsburgh, PA",2013
13867,6.1,"Pittsburgh, PA",2014
13879,5.2,"Pittsburgh, PA",2015
13891,5.4,"Pittsburgh, PA",2016
13903,5.4,"Pittsburgh, PA",2017
13915,4.6,"Pittsburgh, PA",2018
13927,4.0,"Pittsburgh, PA",2019
13939,4.6,"Pittsburgh, PA",2020
13940,3.4,"Portland, ME",2003
13952,3.5,"Portland, ME",2004
13964,3.6,"Portland, ME",2005
13976,3.4,"Portland, ME",2006
13988,3.3,"Portland, ME",2007
14000,3.8,"Portland, ME",2008
14012,6.3,"Portland, ME",2009
14024,6.9,"Portland, ME",2010
14036,6.6,"Portland, ME",2011
14048,6.3,"Portland, ME",2012
14060,6.0,"Portland, ME",2013
14072,5.0,"Portland, ME",2014
14084,4.0,"Portland, ME",2015
14096,3.1,"Portland, ME",2016
14108,2.8,"Portland, ME",2017
14120,2.6,"Portland, ME",2018
14132,2.9,"Portland, ME",2019
14144,2.4,"Portland, ME",2020
14145,8.0,"Portland, OR",2003
14157,7.7,"Portland, OR",2004
14169,6.3,"Portland, OR",2005
14181,5.4,"Portland, OR",2006
14193,4.9,"Portland, OR",2007
14205,5.0,"Portland, OR",2008
14217,9.4,"Portland, OR",2009
14229,10.9,"Portland, OR",2010
14241,9.5,"Portland, OR",2011
14253,8.3,"Portland, OR",2012
14265,7.7,"Portland, OR",2013
14277,6.5,"Portland, OR",2014
14289,5.5,"Portland, OR",2015
14301,4.7,"Portland, OR",2016
14313,4.0,"Portland, OR",2017
14325,3.8,"Portland, OR",2018
14337,4.0,"Portland, OR",2019
14349,3.5,"Portland, OR",2020
14350,5.6,"Providence, RI",2003
14362,5.5,"Providence, RI",2004
14374,5.2,"Providence, RI",2005
14386,5.4,"Providence, RI",2006
14398,5.0,"Providence, RI",2007
14410,6.2,"Providence, RI",2008
14422,10.0,"Providence, RI",2009
14434,11.4,"Providence, RI",2010
14446,10.8,"Providence, RI",2011
14458,10.6,"Providence, RI",2012
14470,9.3,"Providence, RI",2013
14482,8.5,"Providence, RI",2014
14494,6.5,"Providence, RI",2015
14506,5.4,"Providence, RI",2016
14518,4.6,"Providence, RI",2017
14530,4.3,"Providence, RI",2018
14542,3.9,"Providence, RI",2019
14554,3.4,"Providence, RI",2020
14555,4.5,"Reno, NV",2003
14567,4.1,"Reno, NV",2004
14579,4.0,"Reno, NV",2005
14591,3.7,"Reno, NV",2006
14603,3.9,"Reno, NV",2007
14615,5.2,"Reno, NV",2008
14627,9.6,"Reno, NV",2009
14639,12.6,"Reno, NV",2010
14651,13.1,"Reno, NV",2011
14663,11.8,"Reno, NV",2012
14675,10.4,"Reno, NV",2013
14687,8.3,"Reno, NV",2014
14699,6.8,"Reno, NV",2015
14711,5.5,"Reno, NV",2016
14723,4.5,"Reno, NV",2017
14735,3.8,"Reno, NV",2018
14747,3.5,"Reno, NV",2019
14759,3.0,"Reno, NV",2020
14760,4.3,"Richmond, VA",2003
14772,4.0,"Richmond, VA",2004
14784,3.9,"Richmond, VA",2005
14796,3.5,"Richmond, VA",2006
14808,3.0,"Richmond, VA",2007
14820,3.6,"Richmond, VA",2008
14832,6.0,"Richmond, VA",2009
14844,8.4,"Richmond, VA",2010
14856,7.6,"Richmond, VA",2011
14868,6.9,"Richmond, VA",2012
14880,6.3,"Richmond, VA",2013
14892,5.8,"Richmond, VA",2014
14904,5.1,"Richmond, VA",2015
14916,4.2,"Richmond, VA",2016
14928,4.2,"Richmond, VA",2017
14940,3.5,"Richmond, VA",2018
14952,3.0,"Richmond, VA",2019
14964,2.8,"Richmond, VA",2020
14965,5.7,"Sacramento, CA",2003
14977,5.7,"Sacramento, CA",2004
14989,5.1,"Sacramento, CA",2005
15001,4.7,"Sacramento, CA",2006
15013,4.9,"Sacramento, CA",2007
15025,6.0,"Sacramento, CA",2008
15037,9.3,"Sacramento, CA",2009
15049,12.2,"Sacramento, CA",2010
15061,12.4,"Sacramento, CA",2011
15073,11.0,"Sacramento, CA",2012
15085,9.3,"Sacramento, CA",2013
15097,7.8,"Sacramento, CA",2014
15109,6.3,"Sacramento, CA",2015
15121,5.4,"Sacramento, CA",2016
15133,5.0,"Sacramento, CA",2017
15145,3.9,"Sacramento, CA",2018
15157,3.7,"Sacramento, CA",2019
15169,3.4,"Sacramento, CA",2020
15170,7.3,"Salem, OR",2003
15182,7.7,"Salem, OR",2004
15194,6.7,"Salem, OR",2005
15206,5.7,"Salem, OR",2006
15218,5.4,"Salem, OR",2007
15230,5.2,"Salem, OR",2008
15242,10.0,"Salem, OR",2009
15254,11.0,"Salem, OR",2010
15266,10.5,"Salem, OR",2011
15278,10.1,"Salem, OR",2012
15290,9.4,"Salem, OR",2013
15302,7.9,"Salem, OR",2014
15314,6.3,"Salem, OR",2015
15326,5.3,"Salem, OR",2016
15338,4.3,"Salem, OR",2017
15350,4.2,"Salem, OR",2018
15362,4.5,"Salem, OR",2019
15374,3.8,"Salem, OR",2020
15375,8.9,"Salinas, CA",2003
15387,8.5,"Salinas, CA",2004
15399,7.6,"Salinas, CA",2005
15411,7.0,"Salinas, CA",2006
15423,6.9,"Salinas, CA",2007
15435,7.6,"Salinas, CA",2008
15447,10.3,"Salinas, CA",2009
15459,12.6,"Salinas, CA",2010
15471,13.0,"Salinas, CA",2011
15483,12.2,"Salinas, CA",2012
15495,10.9,"Salinas, CA",2013
15507,9.7,"Salinas, CA",2014
15519,8.5,"Salinas, CA",2015
15531,7.9,"Salinas, CA",2016
15543,7.7,"Salinas, CA",2017
15555,6.5,"Salinas, CA",2018
15567,6.1,"Salinas, CA",2019
15579,5.7,"Salinas, CA",2020
15580,6.1,"Salt Lake City, UT",2003
15592,5.4,"Salt Lake City, UT",2004
15604,4.5,"Salt Lake City, UT",2005
15616,3.5,"Salt Lake City, UT",2006
15628,2.4,"Salt Lake City, UT",2007
15640,2.9,"Salt Lake City, UT",2008
15652,6.0,"Salt Lake City, UT",2009
15664,7.8,"Salt Lake City, UT",2010
15676,7.4,"Salt Lake City, UT",2011
15688,5.8,"Salt Lake City, UT",2012
15700,4.9,"Salt Lake City, UT",2013
15712,4.0,"Salt Lake City, UT",2014
15724,3.5,"Salt Lake City, UT",2015
15736,3.3,"Salt Lake City, UT",2016
15748,3.1,"Salt Lake City, UT",2017
15760,3.0,"Salt Lake City, UT",2018
15772,3.0,"Salt Lake City, UT",2019
15784,2.3,"Salt Lake City, UT",2020
15785,6.0,"San Antonio, TX",2003
15797,5.8,"San Antonio, TX",2004
15809,5.4,"San Antonio, TX",2005
15821,4.8,"San Antonio, TX",2006
15833,4.1,"San Antonio, TX",2007
15845,4.1,"San Antonio, TX",2008
15857,5.6,"San Antonio, TX",2009
15869,7.2,"San Antonio, TX",2010
15881,7.3,"San Antonio, TX",2011
15893,6.6,"San Antonio, TX",2012
15905,6.0,"San Antonio, TX",2013
15917,5.2,"San Antonio, TX",2014
15929,4.0,"San Antonio, TX",2015
15941,3.7,"San Antonio, TX",2016
15953,3.9,"San Antonio, TX",2017
15965,3.4,"San Antonio, TX",2018
15977,3.3,"San Antonio, TX",2019
15989,3.0,"San Antonio, TX",2020
15990,5.3,"San Diego, CA",2003
16002,5.0,"San Diego, CA",2004
16014,4.5,"San Diego, CA",2005
16026,4.1,"San Diego, CA",2006
16038,4.2,"San Diego, CA",2007
16050,5.0,"San Diego, CA",2008
16062,8.0,"San Diego, CA",2009
16074,10.8,"San Diego, CA",2010
16086,10.6,"San Diego, CA",2011
16098,9.7,"San Diego, CA",2012
16110,8.4,"San Diego, CA",2013
16122,7.1,"San Diego, CA",2014
16134,5.6,"San Diego, CA",2015
16146,4.9,"San Diego, CA",2016
16158,4.4,"San Diego, CA",2017
16170,3.5,"San Diego, CA",2018
16182,3.3,"San Diego, CA",2019
16194,3.0,"San Diego, CA",2020
16195,6.4,"San Francisco, CA",2003
16207,6.0,"San Francisco, CA",2004
16219,5.1,"San Francisco, CA",2005
16231,4.4,"San Francisco, CA",2006
16243,4.2,"San Francisco, CA",2007
16255,4.7,"San Francisco, CA",2008
16267,7.8,"San Francisco, CA",2009
16279,10.0,"San Francisco, CA",2010
16291,9.6,"San Francisco, CA",2011
16303,8.4,"San Francisco, CA",2012
16315,7.0,"San Francisco, CA",2013
16327,5.7,"San Francisco, CA",2014
16339,4.6,"San Francisco, CA",2015
16351,3.9,"San Francisco, CA",2016
16363,3.6,"San Francisco, CA",2017
16375,2.9,"San Francisco, CA",2018
16387,2.7,"San Francisco, CA",2019
16399,2.5,"San Francisco, CA",2020
16400,8.8,"San Jose, CA",2003
16412,7.4,"San Jose, CA",2004
16424,5.8,"San Jose, CA",2005
16436,4.9,"San Jose, CA",2006
16448,4.5,"San Jose, CA",2007
16460,5.1,"San Jose, CA",2008
16472,8.8,"San Jose, CA",2009
16484,10.9,"San Jose, CA",2010
16496,10.0,"San Jose, CA",2011
16508,8.7,"San Jose, CA",2012
16520,7.2,"San Jose, CA",2013
16532,5.8,"San Jose, CA",2014
16544,4.6,"San Jose, CA",2015
16556,3.9,"San Jose, CA",2016
16568,3.6,"San Jose, CA",2017
16580,2.9,"San Jose, CA",2018
16592,2.7,"San Jose, CA",2019
16604,2.4,"San Jose, CA",2020
16605,5.4,"Santa Rosa, CA",2003
16617,5.3,"Santa Rosa, CA",2004
16629,4.6,"Santa Rosa, CA",2005
16641,4.1,"Santa Rosa, CA",2006
16653,4.0,"Santa Rosa, CA",2007
16665,4.8,"Santa Rosa, CA",2008
16677,7.9,"Santa Rosa, CA",2009
16689,10.9,"Santa Rosa, CA",2010
16701,10.6,"Santa Rosa, CA",2011
16713,9.6,"Santa Rosa, CA",2012
16725,7.9,"Santa Rosa, CA",2013
16737,6.2,"Santa Rosa, CA",2014
16749,4.9,"Santa Rosa, CA",2015
16761,4.2,"Santa Rosa, CA",2016
16773,3.7,"Santa Rosa, CA",2017
16785,2.9,"Santa Rosa, CA",2018
16797,2.7,"Santa Rosa, CA",2019
16809,2.5,"Santa Rosa, CA",2020
16810,6.5,"Scranton, PA",2003
16822,6.1,"Scranton, PA",2004
16834,6.0,"Scranton, PA",2005
16846,5.2,"Scranton, PA",2006
16858,4.7,"Scranton, PA",2007
16870,5.3,"Scranton, PA",2008
16882,7.8,"Scranton, PA",2009
16894,9.5,"Scranton, PA",2010
16906,9.2,"Scranton, PA",2011
16918,9.1,"Scranton, PA",2012
16930,9.5,"Scranton, PA",2013
16942,7.9,"Scranton, PA",2014
16954,6.3,"Scranton, PA",2015
16966,5.9,"Scranton, PA",2016
16978,5.8,"Scranton, PA",2017
16990,5.2,"Scranton, PA",2018
17002,5.0,"Scranton, PA",2019
17014,5.6,"Scranton, PA",2020
17015,6.9,"Seattle, WA",2003
17027,6.2,"Seattle, WA",2004
17039,5.1,"Seattle, WA",2005
17051,4.2,"Seattle, WA",2006
17063,4.0,"Seattle, WA",2007
17075,3.6,"Seattle, WA",2008
17087,6.5,"Seattle, WA",2009
17099,10.1,"Seattle, WA",2010
17111,9.3,"Seattle, WA",2011
17123,7.9,"Seattle, WA",2012
17135,6.2,"Seattle, WA",2013
17147,5.6,"Seattle, WA",2014
17159,4.8,"Seattle, WA",2015
17171,4.7,"Seattle, WA",2016
17183,4.1,"Seattle, WA",2017
17195,4.0,"Seattle, WA",2018
17207,3.9,"Seattle, WA",2019
17219,3.2,"Seattle, WA",2020
17220,7.1,"Shreveport, LA",2003
17232,6.2,"Shreveport, LA",2004
17244,5.9,"Shreveport, LA",2005
17256,4.1,"Shreveport, LA",2006
17268,4.9,"Shreveport, LA",2007
17280,4.8,"Shreveport, LA",2008
17292,7.1,"Shreveport, LA",2009
17304,7.4,"Shreveport, LA",2010
17316,8.0,"Shreveport, LA",2011
17328,7.5,"Shreveport, LA",2012
17340,7.9,"Shreveport, LA",2013
17352,6.4,"Shreveport, LA",2014
17364,7.4,"Shreveport, LA",2015
17376,6.5,"Shreveport, LA",2016
17388,6.1,"Shreveport, LA",2017
17400,4.9,"Shreveport, LA",2018
17412,5.1,"Shreveport, LA",2019
17424,5.5,"Shreveport, LA",2020
17425,7.6,"Spokane, WA",2003
17437,7.5,"Spokane, WA",2004
17449,6.4,"Spokane, WA",2005
17461,5.8,"Spokane, WA",2006
17473,5.6,"Spokane, WA",2007
17485,5.9,"Spokane, WA",2008
17497,7.7,"Spokane, WA",2009
17509,10.8,"Spokane, WA",2010
17521,10.0,"Spokane, WA",2011
17533,9.5,"Spokane, WA",2012
17545,8.8,"Spokane, WA",2013
17557,7.6,"Spokane, WA",2014
17569,7.0,"Spokane, WA",2015
17581,6.5,"Spokane, WA",2016
17593,5.8,"Spokane, WA",2017
17605,5.5,"Spokane, WA",2018
17617,5.4,"Spokane, WA",2019
17629,5.4,"Spokane, WA",2020
17630,5.6,"Springfield, MA",2003
17642,5.6,"Springfield, MA",2004
17654,5.1,"Springfield, MA",2005
17666,5.3,"Springfield, MA",2006
17678,5.2,"Springfield, MA",2007
17690,5.1,"Springfield, MA",2008
17702,7.3,"Springfield, MA",2009
17714,9.5,"Springfield, MA",2010
17726,8.8,"Springfield, MA",2011
17738,7.8,"Springfield, MA",2012
17750,7.9,"Springfield, MA",2013
17762,7.2,"Springfield, MA",2014
17774,6.1,"Springfield, MA",2015
17786,5.2,"Springfield, MA",2016
17798,4.7,"Springfield, MA",2017
17810,4.4,"Springfield, MA",2018
17822,3.8,"Springfield, MA",2019
17834,3.5,"Springfield, MA",2020
17835,4.5,"Springfield, MO",2003
17847,4.5,"Springfield, MO",2004
17859,4.7,"Springfield, MO",2005
17871,4.0,"Springfield, MO",2006
17883,3.9,"Springfield, MO",2007
17895,4.4,"Springfield, MO",2008
17907,7.5,"Springfield, MO",2009
17919,8.9,"Springfield, MO",2010
17931,8.5,"Springfield, MO",2011
17943,6.6,"Springfield, MO",2012
17955,6.0,"Springfield, MO",2013
17967,5.6,"Springfield, MO",2014
17979,4.7,"Springfield, MO",2015
17991,3.9,"Springfield, MO",2016
18003,3.6,"Springfield, MO",2017
18015,3.0,"Springfield, MO",2018
18027,2.7,"Springfield, MO",2019
18039,3.1,"Springfield, MO",2020
18040,9.1,"Stockton, CA",2003
18052,9.0,"Stockton, CA",2004
18064,8.2,"Stockton, CA",2005
18076,7.3,"Stockton, CA",2006
18088,7.4,"Stockton, CA",2007
18100,9.0,"Stockton, CA",2008
18112,13.2,"Stockton, CA",2009
18124,16.0,"Stockton, CA",2010
18136,16.8,"Stockton, CA",2011
18148,15.2,"Stockton, CA",2012
18160,13.2,"Stockton, CA",2013
18172,11.4,"Stockton, CA",2014
18184,9.5,"Stockton, CA",2015
18196,8.3,"Stockton, CA",2016
18208,7.7,"Stockton, CA",2017
18220,6.2,"Stockton, CA",2018
18232,5.9,"Stockton, CA",2019
18244,5.7,"Stockton, CA",2020
18245,5.1,"Syracuse, NY",2003
18257,5.8,"Syracuse, NY",2004
18269,5.0,"Syracuse, NY",2005
18281,4.7,"Syracuse, NY",2006
18293,4.2,"Syracuse, NY",2007
18305,4.8,"Syracuse, NY",2008
18317,7.1,"Syracuse, NY",2009
18329,8.6,"Syracuse, NY",2010
18341,8.4,"Syracuse, NY",2011
18353,8.6,"Syracuse, NY",2012
18365,8.0,"Syracuse, NY",2013
18377,6.5,"Syracuse, NY",2014
18389,5.6,"Syracuse, NY",2015
18401,4.8,"Syracuse, NY",2016
18413,5.0,"Syracuse, NY",2017
18425,5.0,"Syracuse, NY",2018
18437,4.0,"Syracuse, NY",2019
18449,4.2,"Syracuse, NY",2020
18450,5.6,"Tampa, FL",2003
18462,4.9,"Tampa, FL",2004
18474,4.5,"Tampa, FL",2005
18486,3.4,"Tampa, FL",2006
18498,3.7,"Tampa, FL",2007
18510,5.3,"Tampa, FL",2008
18522,9.6,"Tampa, FL",2009
18534,11.2,"Tampa, FL",2010
18546,10.7,"Tampa, FL",2011
18558,8.8,"Tampa, FL",2012
18570,7.5,"Tampa, FL",2013
18582,6.3,"Tampa, FL",2014
18594,5.6,"Tampa, FL",2015
18606,4.7,"Tampa, FL",2016
18618,4.4,"Tampa, FL",2017
18630,3.8,"Tampa, FL",2018
18642,3.4,"Tampa, FL",2019
18654,2.9,"Tampa, FL",2020
18655,6.9,"Toledo, OH",2003
18667,7.1,"Toledo, OH",2004
18679,7.1,"Toledo, OH",2005
18691,6.2,"Toledo, OH",2006
18703,6.2,"Toledo, OH",2007
18715,6.6,"Toledo, OH",2008
18727,11.5,"Toledo, OH",2009
18739,12.3,"Toledo, OH",2010
18751,10.1,"Toledo, OH",2011
18763,8.3,"Toledo, OH",2012
18775,8.5,"Toledo, OH",2013
18787,7.1,"Toledo, OH",2014
18799,5.4,"Toledo, OH",2015
18811,4.9,"Toledo, OH",2016
18823,5.2,"Toledo, OH",2017
18835,4.7,"Toledo, OH",2018
18847,5.1,"Toledo, OH",2019
18859,4.4,"Toledo, OH",2020
18860,5.6,"Tucson, AZ",2003
18872,4.9,"Tucson, AZ",2004
18884,4.5,"Tucson, AZ",2005
18896,4.3,"Tucson, AZ",2006
18908,3.7,"Tucson, AZ",2007
18920,4.4,"Tucson, AZ",2008
18932,7.7,"Tucson, AZ",2009
18944,10.0,"Tucson, AZ",2010
18956,8.9,"Tucson, AZ",2011
18968,7.7,"Tucson, AZ",2012
18980,6.9,"Tucson, AZ",2013
18992,6.3,"Tucson, AZ",2014
19004,5.7,"Tucson, AZ",2015
19016,5.2,"Tucson, AZ",2016
19028,4.8,"Tucson, AZ",2017
19040,4.5,"Tucson, AZ",2018
19052,4.8,"Tucson, AZ",2019
19064,4.3,"Tucson, AZ",2020
19065,5.8,"Tulsa, OK",2003
19077,5.5,"Tulsa, OK",2004
19089,4.7,"Tulsa, OK",2005
19101,3.9,"Tulsa, OK",2006
19113,4.1,"Tulsa, OK",2007
19125,3.4,"Tulsa, OK",2008
19137,5.2,"Tulsa, OK",2009
19149,7.8,"Tulsa, OK",2010
19161,6.7,"Tulsa, OK",2011
19173,5.7,"Tulsa, OK",2012
19185,5.3,"Tulsa, OK",2013
19197,5.0,"Tulsa, OK",2014
19209,4.1,"Tulsa, OK",2015
19221,4.6,"Tulsa, OK",2016
19233,4.7,"Tulsa, OK",2017
19245,4.0,"Tulsa, OK",2018
19257,3.2,"Tulsa, OK",2019
19269,3.3,"Tulsa, OK",2020
19270,4.2,"Virginia Beach, VA",2003
19282,4.1,"Virginia Beach, VA",2004
19294,4.1,"Virginia Beach, VA",2005
19306,3.5,"Virginia Beach, VA",2006
19318,3.2,"Virginia Beach, VA",2007
19330,3.6,"Virginia Beach, VA",2008
19342,5.8,"Virginia Beach, VA",2009
19354,7.7,"Virginia Beach, VA",2010
19366,7.3,"Virginia Beach, VA",2011
19378,7.1,"Virginia Beach, VA",2012
19390,6.4,"Virginia Beach, VA",2013
19402,5.9,"Virginia Beach, VA",2014
19414,5.3,"Virginia Beach, VA",2015
19426,4.6,"Virginia Beach, VA",2016
19438,4.4,"Virginia Beach, VA",2017
19450,3.6,"Virginia Beach, VA",2018
19462,3.1,"Virginia Beach, VA",2019
19474,2.9,"Virginia Beach, VA",2020
19475,6.1,"Wichita, KS",2003
19487,6.5,"Wichita, KS",2004
19499,5.6,"Wichita, KS",2005
19511,5.0,"Wichita, KS",2006
19523,4.3,"Wichita, KS",2007
19535,4.1,"Wichita, KS",2008
19547,5.7,"Wichita, KS",2009
19559,8.9,"Wichita, KS",2010
19571,8.4,"Wichita, KS",2011
19583,7.2,"Wichita, KS",2012
19595,6.3,"Wichita, KS",2013
19607,5.5,"Wichita, KS",2014
19619,4.9,"Wichita, KS",2015
19631,4.4,"Wichita, KS",2016
19643,4.4,"Wichita, KS",2017
19655,3.9,"Wichita, KS",2018
19667,3.7,"Wichita, KS",2019
19679,3.4,"Wichita, KS",2020
19680,5.1,"York, PA",2003
19692,4.7,"York, PA",2004
19704,4.4,"York, PA",2005
19716,4.0,"York, PA",2006
19728,3.7,"York, PA",2007
19740,4.1,"York, PA",2008
19752,6.7,"York, PA",2009
19764,8.8,"York, PA",2010
19776,7.7,"York, PA",2011
19788,7.4,"York, PA",2012
19800,7.2,"York, PA",2013
19812,6.0,"York, PA",2014
19824,5.0,"York, PA",2015
19836,4.5,"York, PA",2016
19848,4.4,"York, PA",2017
19860,4.1,"York, PA",2018
19872,3.7,"York, PA",2019
19884,4.0,"York, PA",2020
19885,7.0,"Youngstown, OH",2003
19897,7.2,"Youngstown, OH",2004
19909,7.5,"Youngstown, OH",2005
19921,6.3,"Youngstown, OH",2006
19933,6.1,"Youngstown, OH",2007
19945,6.2,"Youngstown, OH",2008
19957,11.6,"Youngstown, OH",2009
19969,13.0,"Youngstown, OH",2010
19981,10.4,"Youngstown, OH",2011
19993,8.5,"Youngstown, OH",2012
20005,8.7,"Youngstown, OH",2013
20017,7.7,"Youngstown, OH",2014
20029,6.0,"Youngstown, OH",2015
20041,6.2,"Youngstown, OH",2016
20053,6.6,"Youngstown, OH",2017
20065,5.7,"Youngstown, OH",2018
20077,5.9,"Youngstown, OH",2019
20089,5.8,"Youngstown, OH",2020
